{
  "toggle_mod": true,
  "animation_speed": 250,
  "curve_points": [
    [
      0.28048095,
      0.81374604
    ]
  ]
}